<?xml version="1.0" encoding="UTF-8"?>
<project-private xmlns="http://www.netbeans.org/ns/project-private/1">
    <editor-bookmarks xmlns="http://www.netbeans.org/ns/editor-bookmarks/2" lastBookmarkId="0"/>
    <open-files xmlns="http://www.netbeans.org/ns/projectui-open-files/2">
        <group>
            <file>file:/C:/Users/Nehaar%20Gosai/Documents/NetBeansProjects/ProgPOE5121/src/progpoe5121/ProgPOE5121.java</file>
            <file>file:/C:/Users/Nehaar%20Gosai/Documents/NetBeansProjects/ProgPOE5121/test/TaskTest.java</file>
            <file>file:/C:/Users/Nehaar%20Gosai/Documents/NetBeansProjects/ProgPOE5121/src/Task.java</file>
            <file>file:/C:/Users/Nehaar%20Gosai/Documents/NetBeansProjects/ProgPOE5121/src/Login.java</file>
            <file>file:/C:/Users/Nehaar%20Gosai/Documents/NetBeansProjects/ProgPOE5121/src/progpoe5121/Login.java</file>
        </group>
    </open-files>
</project-private>
